roman,target,freq,freq_lang,category,status,notes
khanbiet,ខាន់បៀត,1,km,unclassified,approved,
khanloeang,ខាន់លឿង,1,km,unclassified,approved,
khansla,ខាន់ស្លា,1,km,unclassified,approved,
khanslak,ខាន់ស្លាក់,1,km,unclassified,approved,
srabear,ស្រាបៀ,1,km,unclassified,approved,
srabea,ស្រាបៀ,1,km,unclassified,approved,
khansaek,ខានស្អែក,1,km,unclassified,approved,
khansaekmuoy,ខានស្អែកមួយ,1,km,unclassified,approved,
khansaekmuoyneay,ខានស្អែកមួយនាយ,1,km,unclassified,approved,
khab,ខាប,1,km,unclassified,approved,
khab,ខាប់,77,km,unclassified,approved,
khabkhan,ខាប់ខណ្ឌ,1,km,unclassified,approved,
khabkhon,ខាប់ខណ្ឌ,1,km,unclassified,approved,
khabkha,ខាបខា,1,km,unclassified,approved,
kham,ខាម,9,km,unclassified,approved,
khammort,ខាំមាត់,8,km,unclassified,approved,
khammout,ខាំមាត់,8,km,unclassified,approved,
khammouat,ខាំមាត់,8,km,unclassified,approved,
khar,ខារ,1,km,unclassified,approved,
khal,ខាល,2,km,unclassified,approved,
khal,ខាល់,1,km,unclassified,approved,
khav,ខាវ,24,km,unclassified,approved,
kheng,ខិង,1,km,unclassified,approved,
khet,ខិត,1115,km,unclassified,approved,
khert,ខិត,1115,km,unclassified,approved,
khetkham,ខិតខំ,3,km,unclassified,approved,
khetkhom,ខិតខំ,3,km,unclassified,approved,
khetkhat,ខិតខាត់,1,km,unclassified,approved,
khettboann,ខិត្តប័ណ្ណ,1,km,unclassified,approved,
khem,ខិម,1,km,unclassified,approved,
khel,ខិល,78,km,unclassified,approved,
kheinapheap,ខីណភាព,1,km,unclassified,approved,
kheinopheap,ខីណភាព,1,km,unclassified,approved,
kheinasrap,ខីណាស្រព,1,km,unclassified,approved,
kheinasrop,ខីណាស្រព,1,km,unclassified,approved,
kheircheat,ខីរជាតិ,1,km,unclassified,approved,
khoek,ខឹកៗ,1,km,unclassified,approved,
khoeng,ខឹង,499,km,unclassified,approved,
kherng,ខឹង,499,km,unclassified,approved,
khoemkhat,ខឹមខាត់,1,km,unclassified,approved,
khong,ខុងៗ,1,km,unclassified,approved,
khottkapheap,ខុទ្ទកភាព,1,km,unclassified,approved,
khottkopheap,ខុទ្ទកភាព,1,km,unclassified,approved,
khottkaley,ខុទ្ទកាល័យ,1,km,unclassified,approved,
khon,ខុន,434,km,unclassified,approved,
khonnang,ខុនណាង,1,km,unclassified,approved,
khonhnoeng,ខុនហ្នឹង,1,km,unclassified,approved,
khob,ខុប,1,km,unclassified,approved,
khoy,ខុយ,1,km,unclassified,approved,
khor,ខុរៗ,1,km,unclassified,approved,
khol,ខុល,3,km,unclassified,approved,
boprek,បូព្រឹក្ស,250,km,unclassified,approved,
khos,ខុស,3212,km,unclassified,approved,
khoschet,ខុសចិត្ត,2,km,unclassified,approved,
khosjit,ខុសចិត្ត,2,km,unclassified,approved,
khospi,ខុសពី,6,km,unclassified,approved,
khoung,ខូង,8,km,unclassified,approved,
khouch,ខូច,997,km,unclassified,approved,
khoch,ខូច,997,km,unclassified,approved,
khouchchet,ខូចចិត្ត,54,km,unclassified,approved,
khouchjit,ខូចចិត្ត,54,km,unclassified,approved,
khouchlan,ខូចឡាន,4,km,unclassified,approved,
khuo,ខួ,2,km,unclassified,approved,
khuong,ខួង,11,km,unclassified,approved,
khuoch,ខួច,87,km,unclassified,approved,
khuonh,ខួញ,1,km,unclassified,approved,
khoub,ខួប,842,km,unclassified,approved,
khour,ខួរ,841,km,unclassified,approved,
khur,ខួរ,841,km,unclassified,approved,
khour,ខួរក្បាល,1,km,unclassified,approved,
kherch,ខើច,16,km,unclassified,approved,
khaeuch,ខើច,16,km,unclassified,approved,
khoean,ខឿន,27,km,unclassified,approved,
khoeun,ខឿន,27,km,unclassified,approved,
kheun,ខឿន,27,km,unclassified,approved,
khien,ខៀន,4,km,unclassified,approved,
khiev,ខៀវ,1029,km,unclassified,approved,
kheav,ខៀវ,1029,km,unclassified,approved,
khiv,ខៀវ,1029,km,unclassified,approved,
khe,ខេ,150,km,unclassified,approved,
khaet,ខេត្ត,7406,km,unclassified,approved,
khet,ខេត្ត,7406,km,unclassified,approved,
khen,ខេន,11,km,unclassified,approved,
khemreak,ខេមរៈ,175,km,unclassified,approved,
khemreakpheasa,ខេមរភាសា,2,km,unclassified,approved,
khemroth,ខេមររដ្ឋ,1,km,unclassified,approved,
khaekanha,ខែកញ្ញា,628,km,unclassified,approved,
khaekompheak,ខែកុម្ភៈ,522,km,unclassified,approved,
khaekumpheak,ខែកុម្ភៈ,522,km,unclassified,approved,
kammopheap,កម្មភាព,175,km,unclassified,approved,
khaekraoy,ខែក្រោយ,55,km,unclassified,approved,
khaeng,ខែង,12,km,unclassified,approved,
kommopheap,កម្មភាព,175,km,unclassified,approved,
khaetola,ខែតុលា,677,km,unclassified,approved,
khaetrar,ខែត្រ,3,km,unclassified,approved,
khaetror,ខែត្រ,3,km,unclassified,approved,
khaemokara,ខែមករា,454,km,unclassified,approved,
kammapheab,កម្មភាព,175,km,unclassified,approved,
khaemokora,ខែមករា,454,km,unclassified,approved,
khaemeakkara,ខែមករា,454,km,unclassified,approved,
khaemeakra,ខែមករា,454,km,unclassified,approved,
khael,ខែល,18,km,unclassified,approved,
khai,ខៃ,38,km,unclassified,approved,
khao,ខោ,593,km,unclassified,approved,
khor,ខោ,593,km,unclassified,approved,
khaok,ខោក,2,km,unclassified,approved,
khaokhlei,ខោខ្លី,19,km,unclassified,approved,
khaor,ខោរ,11,km,unclassified,approved,
khaol,ខោល,55,km,unclassified,approved,
khaos,ខោស,1,km,unclassified,approved,
khaoav,ខោអាវ,3,km,unclassified,approved,
khautak,ខៅតាក,1,km,unclassified,approved,
khchok,ខ្ចក,1,km,unclassified,approved,
khchab,ខ្ចប់,156,km,unclassified,approved,
khchob,ខ្ចប់,156,km,unclassified,approved,
khchar,ខ្ចរ,1,km,unclassified,approved,
khchor,ខ្ចរ,1,km,unclassified,approved,
khcharkhchay,ខ្ចរខ្ចាយ,1,km,unclassified,approved,
khchorkhchay,ខ្ចរខ្ចាយ,1,km,unclassified,approved,
khchat,ខ្ចាត់,9,km,unclassified,approved,
khchatkhchay,ខ្ចាត់ខ្ចាយ,1,km,unclassified,approved,
khchatkjay,ខ្ចាត់ខ្ចាយ,1,km,unclassified,approved,
khchay,ខ្ចាយ,16,km,unclassified,approved,
khchas,ខ្ចាស់,1,km,unclassified,approved,
khchey,ខ្ចី,1120,km,unclassified,approved,
khchei,ខ្ចី,1120,km,unclassified,approved,
khchouv,ខ្ចូវ,1,km,unclassified,approved,
khchaeuch,ខ្ចើច,1,km,unclassified,approved,
khchos,ខ្ចោះ,619,km,unclassified,approved,
khchaob,ខ្ចោប,1,km,unclassified,approved,
khchau,ខ្ចៅ,28,km,unclassified,approved,
khjahkhcheay,ខ្ជះខ្ជាយ,1,km,unclassified,approved,
khjeahkhcheay,ខ្ជះខ្ជាយ,1,km,unclassified,approved,
khjam,ខ្ជាំ,1,km,unclassified,approved,
khjak,ខ្ជាក,1,km,unclassified,approved,
khjak,ខ្ជាក់,8,km,unclassified,approved,
khjang,ខ្ជាង,1,km,unclassified,approved,
khjang,ខ្ជាំងៗ,1,km,unclassified,approved,
khjan,ខ្ជាន់ៗ,1,km,unclassified,approved,
khjab,ខ្ជាប់,108,km,unclassified,approved,
khjabkhchuon,ខ្ជាប់ខ្ជួន,1,km,unclassified,approved,
khjabkjoun,ខ្ជាប់ខ្ជួន,1,km,unclassified,approved,
khjay,ខ្ជាយ,59,km,unclassified,approved,
khjel,ខ្ជិល,45,km,unclassified,approved,
khjeikhcha,ខ្ជីខ្ជា,1,km,unclassified,approved,
khjoeng,ខ្ជឹង,1,km,unclassified,approved,
khjoeb,ខ្ជឹប,6,km,unclassified,approved,
khjuon,ខ្ជួន,52,km,unclassified,approved,
khjaeuch,ខ្ជើច,1,km,unclassified,approved,
khjenh,ខ្ជេញ,1,km,unclassified,approved,
khjenhkhchel,ខ្ជេញខ្ជិល,1,km,unclassified,approved,
khjaeng,ខ្ជែង,1,km,unclassified,approved,
khjaok,ខ្ជោក,1,km,unclassified,approved,
khjaokkhchak,ខ្ជោកខ្ជាក,1,km,unclassified,approved,
khjaol,ខ្ជោល,1,km,unclassified,approved,
khnhak,ខ្ញក,1,km,unclassified,approved,
khnhok,ខ្ញក,1,km,unclassified,approved,
khnhang,ខ្ញង់,97,km,unclassified,approved,
khnhong,ខ្ញង់,97,km,unclassified,approved,
khnham,ខ្ញម,1,km,unclassified,approved,
khnhom,ខ្ញម,1,km,unclassified,approved,
vechchosas,វេជ្ជសាស្ត្រ,1,km,unclassified,approved,
khnham,ខ្ញាំ,1,km,unclassified,approved,
khnhak,ខ្ញាក,4,km,unclassified,approved,
khnhar,ខ្ញារ,1,km,unclassified,approved,
khnhal,ខ្ញាល់,3,km,unclassified,approved,
khnhek,ខ្ញិកៗ,1,km,unclassified,approved,
khnhekkhnhok,ខ្ញិកខ្ញុក,1,km,unclassified,approved,
khnhel,ខ្ញិលៗ,1,km,unclassified,approved,
khnhei,ខ្ញី,138,km,unclassified,approved,
khnheivkhnhouv,ខ្ញីវខ្ញូវ,1,km,unclassified,approved,
khnhoeng,ខ្ញឹង,1,km,unclassified,approved,
khnhokkhnhouv,ខ្ញុកខ្ញូវ,1,km,unclassified,approved,
khnhoamkamdar,ខ្ញុំកំដរ,1,km,unclassified,approved,
khnhoamkamdor,ខ្ញុំកំដរ,1,km,unclassified,approved,
khnhong,ខ្ញុង,83,km,unclassified,approved,
khnhouch,ខ្ញូច,1,km,unclassified,approved,
khnhaeuch,ខ្ញើច,1,km,unclassified,approved,
khnhiev,ខ្ញៀវ,1,km,unclassified,approved,
khnhievkhnhar,ខ្ញៀវខ្ញារ,1,km,unclassified,approved,
khnhaek,ខ្ញែក,13,km,unclassified,approved,
khnhaekkhnhak,ខ្ញែកខ្ញក,1,km,unclassified,approved,
khnhaekkhnhok,ខ្ញែកខ្ញក,1,km,unclassified,approved,
khnhaet,ខ្ញែតៗ,1,km,unclassified,approved,
khnhaem,ខ្ញែម,1,km,unclassified,approved,
khnhaer,ខ្ញែរ,1,km,unclassified,approved,
khnhaok,ខ្ញោក,1,km,unclassified,approved,
khtat,ខ្តត,1,km,unclassified,approved,
khtot,ខ្តត,1,km,unclassified,approved,
khttah,ខ្ទះ,31,km,unclassified,approved,
khttang,ខ្ទង់,310,km,unclassified,approved,
khttong,ខ្ទង់,310,km,unclassified,approved,
khttahtnaot,ខ្ទះត្នោត,1,km,unclassified,approved,
khttab,ខ្ទប,1,km,unclassified,approved,
khttob,ខ្ទប,1,km,unclassified,approved,
khttab,ខ្ទប់,53,km,unclassified,approved,
khttob,ខ្ទប់,53,km,unclassified,approved,
khttam,ខ្ទម,15,km,unclassified,approved,
khttom,ខ្ទម,15,km,unclassified,approved,
khttar,ខ្ទរ,9,km,unclassified,approved,
khttor,ខ្ទរ,9,km,unclassified,approved,
khttoar,ខ្ទ័រ,1,km,unclassified,approved,
khttarkhtoar,ខ្ទរខ្ទ័រ,1,km,unclassified,approved,
khttorkhtoar,ខ្ទរខ្ទ័រ,1,km,unclassified,approved,
khttam,ខ្ទាំ,2,km,unclassified,approved,
khttat,ខ្ទាត,56,km,unclassified,approved,
khttar,ខ្ទារ,5,km,unclassified,approved,
khttas,ខ្ទាស់,15,km,unclassified,approved,
khtteh,ខ្ទិះ,6,km,unclassified,approved,
khtteing,ខ្ទីង,6,km,unclassified,approved,
khtteit,ខ្ទីត,1,km,unclassified,approved,
khttoeng,ខ្ទឹង,1,km,unclassified,approved,
khttoem,ខ្ទឹម,179,km,unclassified,approved,
khttoh,ខ្ទុះ,43,km,unclassified,approved,
aaha,អាហារ,5214,km,unclassified,approved,
khttot,ខ្ទុត,1,km,unclassified,approved,
khttottdei,ខ្ទុតដី,1,km,unclassified,approved,
khttotdey,ខ្ទុតដី,1,km,unclassified,approved,
khttuoy,ខ្ទួយ,1,km,unclassified,approved,
khttaeut,ខ្ទើត,1,km,unclassified,approved,
khttaeuy,ខ្ទើយ,21,km,unclassified,approved,
khttery,ខ្ទើយ,21,km,unclassified,approved,
khttech,ខ្ទេច,128,km,unclassified,approved,
khttechkhtei,ខ្ទេចខ្ទី,1,km,unclassified,approved,
khttaeng,ខ្ទែង,1,km,unclassified,approved,
khttaet,ខ្ទែត,1,km,unclassified,approved,
khttaok,ខ្ទោកៗ,1,km,unclassified,approved,
khnahkhnaeng,ខ្នះខ្នែង,1,km,unclassified,approved,
khnorng,ខ្នង,810,km,unclassified,approved,
khnan,ខ្នន់,1,km,unclassified,approved,
khnon,ខ្នន់,1,km,unclassified,approved,
khnab,ខ្នប់,1,km,unclassified,approved,
khnob,ខ្នប់,1,km,unclassified,approved,
khnal,ខ្នល់,1,km,unclassified,approved,
khnol,ខ្នល់,1,km,unclassified,approved,
khnach,ខ្នាច,1,km,unclassified,approved,
khnach,ខ្នាច់,1,km,unclassified,approved,
khnat,ខ្នាត,332,km,unclassified,approved,
khnan,ខ្នាន,1,km,unclassified,approved,
khnan,ខ្នាន់,1,km,unclassified,approved,
khnankhnab,ខ្នាន់ខ្នាប់,1,km,unclassified,approved,
khnab,ខ្នាប,1,km,unclassified,approved,
khnay,ខ្នាយ,191,km,unclassified,approved,
khnar,ខ្នារ,13,km,unclassified,approved,
khnech,ខ្និច,1,km,unclassified,approved,
khnet,ខ្និត,1,km,unclassified,approved,
khneub,ខ្នឺប,1,km,unclassified,approved,
khnor,ខ្នុរ,23,km,unclassified,approved,
khnorsamlor,ខ្នុរសម្ល,1,km,unclassified,approved,
khnorsomlor,ខ្នុរសម្ល,1,km,unclassified,approved,
khnuoch,ខ្នួច,1,km,unclassified,approved,
khnuot,ខ្នួត,1,km,unclassified,approved,
khnuotaambaoh,ខ្នួតអំបោះ,1,km,unclassified,approved,
khnaeut,ខ្នើត,3,km,unclassified,approved,
khnaeuy,ខ្នើយ,107,km,unclassified,approved,
khnery,ខ្នើយ,107,km,unclassified,approved,
khneuy,ខ្នើយ,107,km,unclassified,approved,
khnier,ខ្នៀរ,1,km,unclassified,approved,
khnies,ខ្នៀស,1,km,unclassified,approved,
khnaeng,ខ្នែង,31,km,unclassified,approved,
khnaoh,ខ្នោះ,74,km,unclassified,approved,
khnaos,ខ្នោស,1,km,unclassified,approved,
khnau,ខ្នៅ,1,km,unclassified,approved,
khpar,ខ្ព,1,km,unclassified,approved,
khpor,ខ្ព,1,km,unclassified,approved,
khpang,ខ្ពង់,119,km,unclassified,approved,
khpong,ខ្ពង់,119,km,unclassified,approved,
khpangkhpas,ខ្ពង់ខ្ពស់,1,km,unclassified,approved,
khpongokhpos,ខ្ពង់ខ្ពស់,1,km,unclassified,approved,
khpangmekh,ខ្ពង់មេឃ,1,km,unclassified,approved,
khpongmekh,ខ្ពង់មេឃ,1,km,unclassified,approved,
khpangreab,ខ្ពង់រាប,1,km,unclassified,approved,
khpongreab,ខ្ពង់រាប,1,km,unclassified,approved,
khpab,ខ្ពប,1,km,unclassified,approved,
khpob,ខ្ពប,1,km,unclassified,approved,
khpous,ខ្ពស់,3793,km,unclassified,approved,
khpak,ខ្ពាក,1,km,unclassified,approved,
khpak,ខ្ពាក់ៗ,1,km,unclassified,approved,
khpab,ខ្ពាប់,1,km,unclassified,approved,
khpok,ខ្ពុក,1,km,unclassified,approved,
khpor,ខ្ពុរ,13,km,unclassified,approved,
khpaeum,ខ្ពើម,62,km,unclassified,approved,
khperm,ខ្ពើម,62,km,unclassified,approved,
khpaok,ខ្ពោក,1,km,unclassified,approved,
khmang,ខ្មង,6,km,unclassified,approved,
khmong,ខ្មង,6,km,unclassified,approved,
khmang,ខ្មាំង,12,km,unclassified,approved,
khmangmil,ខ្មាំងមិល,1,km,unclassified,approved,
khmanh,ខ្មាញ់,15,km,unclassified,approved,
khman,ខ្មាន់,41,km,unclassified,approved,
khmay,ខ្មាយ,1,km,unclassified,approved,
khmas,ខ្មាស,124,km,unclassified,approved,
khmei,ខ្មី,1,km,unclassified,approved,
khmeikhmeat,ខ្មីឃ្មាត,1,km,unclassified,approved,
khmeut,ខ្មឺត,1,km,unclassified,approved,
khmok,ខ្មុក,16,km,unclassified,approved,
khmol,ខ្មុល,1,km,unclassified,approved,
khmout,ខ្មូត,5,km,unclassified,approved,
khmour,ខ្មូរ,1,km,unclassified,approved,
khmuonh,ខ្មួញ,1,km,unclassified,approved,
khmuoy,ខ្មួយ,1,km,unclassified,approved,
khmuor,ខ្មួរ,1,km,unclassified,approved,
khmuol,ខ្មួល,14,km,unclassified,approved,
khmeh,ខ្មេះ,29,km,unclassified,approved,
khme,ខ្មេរ,1,km,unclassified,approved,
khmer,ខ្មែរ,3386,km,unclassified,approved,
khmaoh,ខ្មោះ,2,km,unclassified,approved,
khmakhmuor,ខ្មោះខ្មួរ,1,km,unclassified,approved,
khmaoch,ខ្មោច,262,km,unclassified,approved,
khmouch,ខ្មោច,262,km,unclassified,approved,
khmav,ខ្មៅ,1403,km,unclassified,approved,
khyang,ខ្យង,59,km,unclassified,approved,
khyong,ខ្យង,59,km,unclassified,approved,
khyangsangkh,ខ្យងស័ង្ខ,2,km,unclassified,approved,
khyongsangkh,ខ្យងស័ង្ខ,2,km,unclassified,approved,
khyol,ខ្យល់,804,km,unclassified,approved,
khyadomrey,ខ្យាដំរី,1,km,unclassified,approved,
khl,ខ្លះ,4556,km,unclassified,approved,
khlas,ខ្លះ,4556,km,unclassified,approved,
khlab,ខ្លប,1,km,unclassified,approved,
khlob,ខ្លប,1,km,unclassified,approved,
khlabkhlach,ខ្លបខ្លាច,1,km,unclassified,approved,
khlobkhlach,ខ្លបខ្លាច,1,km,unclassified,approved,
khla,ខ្លា,408,km,unclassified,approved,
khlach,ខ្លាច,1321,km,unclassified,approved,
khlanh,ខ្លាញ់,1054,km,unclassified,approved,
khlathum,ខ្លាធំ,4,km,unclassified,approved,
khlei,ខ្លី,1395,km,unclassified,approved,
sounita,សូនីតា,138,km,unclassified,approved,
khley,ខ្លី,1395,km,unclassified,approved,
khloem,ខ្លឹម,200,km,unclassified,approved,
khleut,ខ្លឺត,1,km,unclassified,approved,
khloh,ខ្លុះ,1,km,unclassified,approved,
khlok,ខ្លុក,1,km,unclassified,approved,
khlong,ខ្លុង,3,km,unclassified,approved,
khloy,ខ្លុយ,4,km,unclassified,approved,
khlout,ខ្លូត,4,km,unclassified,approved,
khlev,ខ្លេវៗ,1,km,unclassified,approved,
khlaeng,ខ្លែង,18,km,unclassified,approved,
khlaong,ខ្លោង,58,km,unclassified,approved,
khlaongtvea,ខ្លោងទ្វារ,1,km,unclassified,approved,
khlaoch,ខ្លោច,100,km,unclassified,approved,
khloch,ខ្លោច,100,km,unclassified,approved,
khlaonh,ខ្លោញៗ,1,km,unclassified,approved,
khlaot,ខ្លោត,1,km,unclassified,approved,
khlau,ខ្លៅ,10,km,unclassified,approved,
khvas,ខ្វះ,803,km,unclassified,approved,
khvak,ខ្វក,1,km,unclassified,approved,
khvok,ខ្វក,1,km,unclassified,approved,
khvak,ខ្វក់,107,km,unclassified,approved,
khvok,ខ្វក់,107,km,unclassified,approved,
khvasknea,ខ្វះគ្នា,5,km,unclassified,approved,
khvang,ខ្វង,2,km,unclassified,approved,
khvong,ខ្វង,2,km,unclassified,approved,
khvang,ខ្វង់,1,km,unclassified,approved,
khvong,ខ្វង់,1,km,unclassified,approved,
khvahtae,ខ្វះតែ,13,km,unclassified,approved,
khvol,ខ្វល់,489,km,unclassified,approved,
khvalokhvay,ខ្វល់ខ្វាយ,1,km,unclassified,approved,
khvolokhvay,ខ្វល់ខ្វាយ,1,km,unclassified,approved,
khvak,ខ្វាក,1,km,unclassified,approved,
khvak,ខ្វាក់,14,km,unclassified,approved,
khvakmean,ខ្វាក់មាន់,1,km,unclassified,approved,
khvakmorn,ខ្វាក់មាន់,1,km,unclassified,approved,
khvang,ខ្វាង,1,km,unclassified,approved,
khvach,ខ្វាច,7,km,unclassified,approved,
khvach,ខ្វាច់,1,km,unclassified,approved,
khvat,ខ្វាត់,10,km,unclassified,approved,
khvatkhvaeng,ខ្វាត់ខ្វែង,1,km,unclassified,approved,
khvan,ខ្វាន,1,km,unclassified,approved,
khvan,ខ្វាន់,5,km,unclassified,approved,
khvanneak,ខ្វាន់នាគ,1,km,unclassified,approved,
khvab,ខ្វាប់,1,km,unclassified,approved,
khvam,ខ្វាម,1,km,unclassified,approved,
khvar,ខ្វារ,3,km,unclassified,approved,
khvav,ខ្វាវ,10,km,unclassified,approved,
khvas,ខ្វាសៗ,1,km,unclassified,approved,
khvech,ខ្វិច,3,km,unclassified,approved,
khvet,ខ្វិត,6,km,unclassified,approved,
khven,ខ្វិន,10,km,unclassified,approved,
khvel,ខ្វិល,1,km,unclassified,approved,
khvaeuk,ខ្វើក,1,km,unclassified,approved,
khvaeuy,ខ្វើយៗ,1,km,unclassified,approved,
khviek,ខ្វៀក,1,km,unclassified,approved,
khvien,ខ្វៀន,1,km,unclassified,approved,
khvieb,ខ្វៀប,1,km,unclassified,approved,
khveh,ខ្វេះ,5,km,unclassified,approved,
khver,ខ្វេរ,1,km,unclassified,approved,
khvae,ខ្វែ,2,km,unclassified,approved,
khvaes,ខ្វែះ,1,km,unclassified,approved,
khvaek,ខ្វែក,1,km,unclassified,approved,
khvaektraok,ខ្វែកត្រោក,1,km,unclassified,approved,
khvaeng,ខ្វែង,43,km,unclassified,approved,
khvaet,ខ្វែត,1,km,unclassified,approved,
khvaev,ខ្វែវ,2,km,unclassified,approved,
khvaoh,ខ្វោះ,1,km,unclassified,approved,
khvaok,ខ្វោក,1,km,unclassified,approved,
khvaokkhvak,ខ្វោកខ្វាក,1,km,unclassified,approved,
khsat,ខ្សត,1,km,unclassified,approved,
khsot,ខ្សត,1,km,unclassified,approved,
khsat,ខ្សត់,29,km,unclassified,approved,
khsot,ខ្សត់,29,km,unclassified,approved,
khsak,ខ្សាក,1,km,unclassified,approved,
khsach,ខ្សាច់,224,km,unclassified,approved,
khsachkondal,ខ្សាច់កណ្ដាល,1,km,unclassified,approved,
khsan,ខ្សាន,1,km,unclassified,approved,
khsab,ខ្សាប,1,km,unclassified,approved,
khsory,ខ្សាយ,7,km,unclassified,approved,
khsav,ខ្សាវ,2,km,unclassified,approved,
khsoekkhsuol,ខ្សឹកខ្សួល,1,km,unclassified,approved,
khsoeb,ខ្សឹប,27,km,unclassified,approved,
khseut,ខ្សឺត,5,km,unclassified,approved,
khsok,ខ្សុក,1,km,unclassified,approved,
khsoch,ខ្សុច,1,km,unclassified,approved,
khsoy,ខ្សុយ,1,km,unclassified,approved,
khsol,ខ្សុល,1,km,unclassified,approved,
khsuol,ខ្សួល,5,km,unclassified,approved,
khsuos,ខ្សួស,1,km,unclassified,approved,
khsie,ខ្សៀ,1,km,unclassified,approved,
khsiek,ខ្សៀក,1,km,unclassified,approved,
khsiekrok,ខ្សៀគ្រក់,1,km,unclassified,approved,
khsiev,ខ្សៀវ,7,km,unclassified,approved,
khsev,ខ្សេវ,1,km,unclassified,approved,
khsaekrovat,ខ្សែក្រវាត់,1,km,unclassified,approved,
khsaebas,ខ្សែបាស,1,km,unclassified,approved,
khsaeroyeak,ខ្សែរយៈ,5,km,unclassified,approved,
khsaesay,ខ្សែសយ,1,km,unclassified,approved,
khsaesoy,ខ្សែសយ,1,km,unclassified,approved,
khsaoh,ខ្សោះ,20,km,unclassified,approved,
khsoy,ខ្សោយ,489,km,unclassified,approved,
gum,គំ,412,km,unclassified,approved,
geah,គះ,1,km,unclassified,approved,
gok,គក,17,km,unclassified,approved,
gok,គក់,78,km,unclassified,approved,
geahkea,គះគា,1,km,unclassified,approved,
gokeach,គគាច,1,km,unclassified,approved,
gokeat,គគាត,1,km,unclassified,approved,
gokir,គគីរ,5,km,unclassified,approved,
gokuek,គគឹក,1,km,unclassified,approved,
gokuet,គគឹត,1,km,unclassified,approved,
gokuh,គគុះ,1,km,unclassified,approved,
gokuk,គគុក,95,km,unclassified,approved,
gokukkokeak,គគុកគគាក់,1,km,unclassified,approved,
gokul,គគុល,1,km,unclassified,approved,
kaelomor,កែលម្អ,125,km,unclassified,approved,
gokaum,គគើម,1,km,unclassified,approved,
gokrok,គគ្រក់,1,km,unclassified,approved,
gokron,គគ្រន់,1,km,unclassified,approved,
sangkruoh,សង្គ្រោះ,1,km,unclassified,approved,
gokroam,គគ្រាំ,1,km,unclassified,approved,
gokreak,គគ្រាក់,1,km,unclassified,approved,
gokreang,គគ្រាំង,1,km,unclassified,approved,
gokreat,គគ្រាត,1,km,unclassified,approved,
gokris,គគ្រិះ,1,km,unclassified,approved,
gokringkokreang,គគ្រិងគគ្រាំង,1,km,unclassified,approved,
gokrich,គគ្រិច,1,km,unclassified,approved,
gokritkokreat,គគ្រីតគគ្រាត,1,km,unclassified,approved,
gokriv,គគ្រីវ,1,km,unclassified,approved,
gokriskokrus,គគ្រីសគគ្រូស,1,km,unclassified,approved,
songkrouh,សង្គ្រោះ,1,km,unclassified,approved,
gokruek,គគ្រឹក,16,km,unclassified,approved,
gokruekkokreng,គគ្រឹកគគ្រេង,1,km,unclassified,approved,
gokruem,គគ្រឹម,1,km,unclassified,approved,
gokrueut,គគ្រឺត,1,km,unclassified,approved,
gokruk,គគ្រុក,1,km,unclassified,approved,
gokrum,គគ្រុម,1,km,unclassified,approved,
gokruy,គគ្រុយ,1,km,unclassified,approved,
gokruk,គគ្រូក,1,km,unclassified,approved,
gokruob,គគ្រួប,1,km,unclassified,approved,
gokraum,គគ្រើម,1,km,unclassified,approved,
gokreng,គគ្រេង,17,km,unclassified,approved,
gokrengkokroam,គគ្រេងគគ្រាំ,1,km,unclassified,approved,
gokrouk,គគ្រោក,1,km,unclassified,approved,
gokhor,គឃរ,1,km,unclassified,approved,
gokhear,គឃារ,1,km,unclassified,approved,
gokhuek,គឃឹក,1,km,unclassified,approved,
gokhus,គឃូស,1,km,unclassified,approved,
gokhier,គឃៀរ,1,km,unclassified,approved,
gokhlaun,គឃ្លើន,1,km,unclassified,approved,
gong,គង,56,km,unclassified,approved,
gong,គង់,667,km,unclassified,approved,
gung,គង់,667,km,unclassified,approved,
gongtae,គង់តែ,9,km,unclassified,approved,
gongnov,គង់នៅ,1,km,unclassified,approved,
gongpisei,គងពិសី,1,km,unclassified,approved,
gongvong,គង់វង្ស,1,km,unclassified,approved,
gongkea,គង្គា,6,km,unclassified,approved,
gongkean,គង្គាន,1,km,unclassified,approved,
gongkuon,គង្គួន,1,km,unclassified,approved,
gongveal,គង្វាល,17,km,unclassified,approved,
goch,គជ,1,km,unclassified,approved,
goch,គជ់,4,km,unclassified,approved,
gochota,គជតា,1,km,unclassified,approved,
gochoton,គជទន្ត,1,km,unclassified,approved,
gochomukta,គជមុក្តា,1,km,unclassified,approved,
gochosar,គជសារ,1,km,unclassified,approved,
gochoseih,គជសីហ៍,1,km,unclassified,approved,
gochea,គជា,1,km,unclassified,approved,
gochrea,គជ្រា,1,km,unclassified,approved,
gon,គណ,82,km,unclassified,approved,
ganak,គណៈ,766,km,unclassified,approved,
gnak,គណៈ,766,km,unclassified,approved,
ganakkam,គណៈកម្ម,51,km,unclassified,approved,
ganakkom,គណៈកម្ម,51,km,unclassified,approved,
ganakkammokar,គណៈកម្មការ,95,km,unclassified,approved,
ganakkommokar,គណៈកម្មការ,95,km,unclassified,approved,
ganakkammeathikar,គណៈកម្មាធិការ,32,km,unclassified,approved,
ganakkommeathikar,គណៈកម្មាធិការ,32,km,unclassified,approved,
gananea,គណនា,52,km,unclassified,approved,
ganonea,គណនា,52,km,unclassified,approved,
gananei,គណនី,1478,km,unclassified,approved,
ganaknei,គណនី,1478,km,unclassified,approved,
gananiydthan,គណនីយដ្ឋាន,1,km,unclassified,approved,
ganoniydthan,គណនីយដ្ឋាន,1,km,unclassified,approved,
gananeyy,គណនេយ្យ,5,km,unclassified,approved,
ganoneyy,គណនេយ្យ,5,km,unclassified,approved,
gananeyyokar,គណនេយ្យករ,1,km,unclassified,approved,
ganoneyyokor,គណនេយ្យករ,1,km,unclassified,approved,
ganabakkhar,គណបក្ខ,1,km,unclassified,approved,
ganobokkhor,គណបក្ខ,1,km,unclassified,approved,
ganabak,គណបក្ស,22,km,unclassified,approved,
ganobok,គណបក្ស,22,km,unclassified,approved,
ganakbratephu,គណៈប្រតិភូ,1,km,unclassified,approved,
ganakbrotephu,គណៈប្រតិភូ,1,km,unclassified,approved,
ganakmebrayouk,គណៈមេប្រយោគ,1,km,unclassified,approved,
ganakmebroyouk,គណៈមេប្រយោគ,1,km,unclassified,approved,
ganetsastrar,គណិតសាស្ត្រ,1,km,unclassified,approved,
ganetsastror,គណិតសាស្ត្រ,1,km,unclassified,approved,
ganes,គណេស,1,km,unclassified,approved,
ganthei,គណ្ឋី,1,km,unclassified,approved,
gonthei,គណ្ឋី,1,km,unclassified,approved,
got,គត់,406,km,unclassified,approved,
gotamot,គត់មត់,1,km,unclassified,approved,
gotomot,គត់មត់,1,km,unclassified,approved,
gatasanhnha,គតសញ្ញា,1,km,unclassified,approved,
gatosonhnha,គតសញ្ញា,1,km,unclassified,approved,
gate,គតិ,14,km,unclassified,approved,
gatebndet,គតិបណ្ឌិត,1,km,unclassified,approved,
gon,គន,3,km,unclassified,approved,
gun,គន់,692,km,unclassified,approved,
gumnok,គំនក់,1,km,unclassified,approved,
gonokur,គន់គូរ,1,km,unclassified,approved,
gumnong,គំនង,1,km,unclassified,approved,
gumnong,គំនង់,1,km,unclassified,approved,
gumnon,គំនន់,1,km,unclassified,approved,
gumnorm,គំនម,1,km,unclassified,approved,
gumnor,គំនរ,2,km,unclassified,approved,
gumneak,គំនាក់,1,km,unclassified,approved,
gumneat,គំនាត,1,km,unclassified,approved,
gumneab,គំនាប,2,km,unclassified,approved,
gomneab,គំនាប,2,km,unclassified,approved,
gumneab,គំនាប់,2,km,unclassified,approved,
gumneal,គំនាល់,1,km,unclassified,approved,
gumneas,គំនាស់,1,km,unclassified,approved,
gumnit,គំនិត,1046,km,unclassified,approved,
gumnet,គំនិត,1046,km,unclassified,approved,
gumnum,គំនុំ,50,km,unclassified,approved,
gumnu,គំនូរ,201,km,unclassified,approved,
gumnou,គំនូរ,201,km,unclassified,approved,
gumnus,គំនូស,16,km,unclassified,approved,
gumnuob,គំនួប,1,km,unclassified,approved,
gumnuor,គំនួរ,1,km,unclassified,approved,
gumnuoh,គំនោះ,1,km,unclassified,approved,
gontheak,គន្ថៈ,1,km,unclassified,approved,
gonthothureak,គន្ថធុរៈ,1,km,unclassified,approved,
gonthorachana,គន្ថរចនា,1,km,unclassified,approved,
mirknorm,មេដឹក,111,km,unclassified,approved,
gonthorachanachar,គន្ថរចនាចារ្យ,1,km,unclassified,approved,
gonthorachonachar,គន្ថរចនាចារ្យ,1,km,unclassified,approved,
gunthor,គន្ធ,168,km,unclassified,approved,
gonthopvor,គន្ធព្វ,1,km,unclassified,approved,
gonlong,គន្លង,255,km,unclassified,approved,
gonleak,គន្លាក់,6,km,unclassified,approved,
gonleakknlaun,គន្លាក់គន្លើន,1,km,unclassified,approved,
gonleakaaacham,គន្លាក់អាចម៍,1,km,unclassified,approved,
gonleakoaachom,គន្លាក់អាចម៍,1,km,unclassified,approved,
gonleas,គន្លាស់,1,km,unclassified,approved,
gonleasknloung,គន្លាស់គន្លោង,1,km,unclassified,approved,
gonlikkonleak,គន្លិកគន្លាក់,1,km,unclassified,approved,
gonlueeah,គន្លឹះ,183,km,unclassified,approved,
gonloung,គន្លោង,1,km,unclassified,approved,
gob,គប់,125,km,unclassified,approved,
gobkit,គប់គិត,1,km,unclassified,approved,
gorbbei,គប្បី,71,km,unclassified,approved,
gophr,គភ៌,63,km,unclassified,approved,
gom,គម,88,km,unclassified,approved,
gomoneakar,គមនាការ,1,km,unclassified,approved,
gomoneakom,គមនាគមន៍,16,km,unclassified,approved,
gomdeaeng,គម្ដែង,1,km,unclassified,approved,
gompi,គម្ពីរ,7,km,unclassified,approved,
gomphi,គម្ភីរ,1,km,unclassified,approved,
gomrok,គម្រក់,2,km,unclassified,approved,
gomrong,គម្រង,2,km,unclassified,approved,
gomrob,គម្រប,58,km,unclassified,approved,
gomrob,គម្រប់,191,km,unclassified,approved,
gomreang,គម្រាំង,1,km,unclassified,approved,
gomris,គម្រិះ,1,km,unclassified,approved,
gomringkomrang,គម្រិងគម្រាំង,1,km,unclassified,approved,
gomriev,គម្រៀវ,1,km,unclassified,approved,
gomrech,គម្រេច,1,km,unclassified,approved,
gumrong,គម្រោង,2227,km,unclassified,approved,
gomrong,គម្រោង,2227,km,unclassified,approved,
gomlong,គម្លង់,1,km,unclassified,approved,
gomlean,គម្លាន,1,km,unclassified,approved,
goy,គយ,137,km,unclassified,approved,
goyokon,គយគន់,1,km,unclassified,approved,
goyokhloam,គយឃ្លាំ,1,km,unclassified,approved,
gor,គរ,463,km,unclassified,approved,
gorokouk,គរគោក,1,km,unclassified,approved,
gumrong,គំរង់,1,km,unclassified,approved,
gumrol,គំរល,1,km,unclassified,approved,
goroha,គរហា,1,km,unclassified,approved,
gumream,គំរាម,300,km,unclassified,approved,
gumruel,គំរឹល,1,km,unclassified,approved,
goru,គរុ,1,km,unclassified,approved,
gorukaosal,គរុកោសល្យ,1,km,unclassified,approved,
gorukaosol,គរុកោសល្យ,1,km,unclassified,approved,
gorutous,គរុទោស,1,km,unclassified,approved,
goruphondar,គរុភណ្ឌ,1,km,unclassified,approved,
goruphondor,គរុភណ្ឌ,1,km,unclassified,approved,
goruvichea,គរុវិជ្ជា,1,km,unclassified,approved,
gorusers,គរុសិស្ស,4,km,unclassified,approved,
gumru,គំរូ,273,km,unclassified,approved,
gumrauy,គំរើយ,1,km,unclassified,approved,
gumrech,គំរេច,1,km,unclassified,approved,
gumruoh,គំរោះ,1,km,unclassified,approved,
gumroung,គំរោង,39,km,unclassified,approved,
gol,គល់,94,km,unclassified,approved,
golkae,គល់កែ,1,km,unclassified,approved,
golrang,គល់រាំង,1,km,unclassified,approved,
gumleat,គំលាត,9,km,unclassified,approved,
gumhak,គំហក,5,km,unclassified,approved,
gumhok,គំហក,5,km,unclassified,approved,
gohabatei,គហបតី,1,km,unclassified,approved,
moharik,មហារីក,534,km,unclassified,approved,
gohobotei,គហបតី,1,km,unclassified,approved,
gumhat,គំហាត់,1,km,unclassified,approved,
gumhoen,គំហឹន,1,km,unclassified,approved,
gumhok,គំហុក,62,km,unclassified,approved,
gumhaet,គំហែត,1,km,unclassified,approved,
goam,គាំ,121,km,unclassified,approved,
geak,គាក់,1,km,unclassified,approved,
gang,គាង,3,km,unclassified,approved,
geang,គាំង,263,km,unclassified,approved,
geangkhveay,គាងឃ្វាយ,1,km,unclassified,approved,
geat,គាត,2,km,unclassified,approved,
geatha,គាថា,1,km,unclassified,approved,
geathaponth,គាថាពន្ធ,1,km,unclassified,approved,
geathapean,គាថាពាន់,1,km,unclassified,approved,
geab,គាប,1,km,unclassified,approved,
geab,គាប់,100,km,unclassified,approved,
goamr,គាំពារ,11,km,unclassified,approved,
geamokatha,គាមកថា,1,km,unclassified,approved,
geamokotha,គាមកថា,1,km,unclassified,approved,
geampheasa,គាមភាសា,1,km,unclassified,approved,
geamphouchok,គាមភោជក,1,km,unclassified,approved,
geay,គាយ,1,km,unclassified,approved,
gearoveak,គារវៈ,1,km,unclassified,approved,
geal,គាល់,19,km,unclassified,approved,
geav,គាវ,3,km,unclassified,approved,
geavut,គាវុត,1,km,unclassified,approved,
geas,គាស់,211,km,unclassified,approved,
git,គិត,5740,km,unclassified,approved,
gittae,គិតតែ,2,km,unclassified,approved,
giri,គិរី,269,km,unclassified,approved,
girivong,គិរីវង់,1,km,unclassified,approved,
girivngkot,គិរីវង្កត,1,km,unclassified,approved,
gil,គិល,2,km,unclassified,approved,
gilean,គិលាន,1,km,unclassified,approved,
gingkok,គីង្គក់,1,km,unclassified,approved,
gitsas,គីតសាស្ត្រ,1,km,unclassified,approved,
gimi,គីមី,11,km,unclassified,approved,
gilo,គីឡូ,953,km,unclassified,approved,
gilokram,គីឡូក្រាម,367,km,unclassified,approved,
gilogram,គីឡូក្រាម,367,km,unclassified,approved,
gilotaon,គីឡូតោន,1,km,unclassified,approved,
gilometre,គីឡូម៉ែត្រ,1,km,unclassified,approved,
giloumete,គីឡូម៉ែត្រ,1,km,unclassified,approved,
gilovat,គីឡូវ៉ាត់,15,km,unclassified,approved,
gilovol,គីឡូវ៉ុល,3,km,unclassified,approved,
gilosik,គីឡូស៊ីក,1,km,unclassified,approved,
guek,គឹកៗ,1,km,unclassified,approved,
guel,គឹល,1,km,unclassified,approved,
gueuchea,គឺជា,41,km,unclassified,approved,
guum,គុំ,20,km,unclassified,approved,
guk,គុក,157,km,unclassified,approved,
guk,គុកៗ,1,km,unclassified,approved,
gun,គុណ,1711,km,unclassified,approved,
gunathor,គុណធម៌,5,km,unclassified,approved,
gunothoa,គុណធម៌,5,km,unclassified,approved,
gunbrayouch,គុណប្រយោជន៍,30,km,unclassified,approved,
gunbroyouch,គុណប្រយោជន៍,30,km,unclassified,approved,
gunpheap,គុណភាព,1056,km,unclassified,approved,
gunapheap,គុណភាព,1056,km,unclassified,approved,
gunvibat,គុណវិបត្តិ,10,km,unclassified,approved,
gut,គុត,1,km,unclassified,approved,
gumpor,គុម្ព,22,km,unclassified,approved,
gumpout,គុម្ពោត,1,km,unclassified,approved,
guy,គុយ,70,km,unclassified,approved,
guyteav,គុយទាវ,1,km,unclassified,approved,
guyheak,គុយ្ហៈ,1,km,unclassified,approved,
gul,គុល,35,km,unclassified,approved,
gulika,គុលិកា,1,km,unclassified,approved,
guli,គុលី,1,km,unclassified,approved,
preahbarom,ព្រះបរម,100,km,unclassified,approved,
guha,គុហា,3,km,unclassified,approved,
gu,គូ,6085,km,unclassified,approved,
guk,គូក,17,km,unclassified,approved,
gukan,គូកន,2,km,unclassified,approved,
gukon,គូកន,2,km,unclassified,approved,
guchhay,គូឆាយ,1,km,unclassified,approved,
preahborom,ព្រះបរម,100,km,unclassified,approved,
guth,គូថ,7,km,unclassified,approved,
gut,គូទ,81,km,unclassified,approved,
gutolan,គូទឡាន,2,km,unclassified,approved,
gu,គូរ,617,km,unclassified,approved,
guli,គូលី,1,km,unclassified,approved,
gulit,គូលីត,1,km,unclassified,approved,
gulen,គូលែន,1,km,unclassified,approved,
gus,គូស,115,km,unclassified,approved,
gusneh,គូស្នេហ៍,267,km,unclassified,approved,
guob,គួប,92,km,unclassified,approved,
guobphsam,គួបផ្សំ,6,km,unclassified,approved,
guorkobbei,គួរគប្បី,22,km,unclassified,approved,
guorona,គួរណា,8,km,unclassified,approved,
guoronea,គួរនា,1,km,unclassified,approved,
guoryor,គួរឲ្យ,24,km,unclassified,approved,
guoriyer,គួរីយេរ,1,km,unclassified,approved,
gaum,គើមៗ,1,km,unclassified,approved,
geng,គេង,1693,km,unclassified,approved,
gech,គេច,92,km,unclassified,approved,
gechkae,គេចកែ,1,km,unclassified,approved,
gechves,គេចវេះ,1,km,unclassified,approved,
kangreach,កងរាជ,98,km,unclassified,approved,
geh,គេហ៍,2,km,unclassified,approved,
gehachon,គេហជន,1,km,unclassified,approved,
gehochon,គេហជន,1,km,unclassified,approved,
gehathan,គេហដ្ឋាន,29,km,unclassified,approved,
gehabal,គេហបាល,1,km,unclassified,approved,
gehobal,គេហបាល,1,km,unclassified,approved,
kongreach,កងរាជ,98,km,unclassified,approved,
gehssamik,គេហស្សាមិក,1,km,unclassified,approved,
gehaphibal,គេហាភិបាល,1,km,unclassified,approved,
geae,គែ,31,km,unclassified,approved,
gaen,គែន,2,km,unclassified,approved,
geaeb,គែប,1,km,unclassified,approved,
geaem,គែម,51,km,unclassified,approved,
geael,គែល,1,km,unclassified,approved,
geaelolok,គែលលក,1,km,unclassified,approved,
geaehov,គែហ៊ៅ,1,km,unclassified,approved,
gey,គៃ,2,km,unclassified,approved,
go,គោ,1173,km,unclassified,approved,
guoh,គោះ,68,km,unclassified,approved,
gok,គោក,513,km,unclassified,approved,
goukhmear,គោខ្មែរ,1,km,unclassified,approved,
goukheatak,គោឃាតក៍,1,km,unclassified,approved,
goukheatok,គោឃាតក៍,1,km,unclassified,approved,
goukheatkamm,គោឃាតកម្ម,1,km,unclassified,approved,
goukheatkomm,គោឃាតកម្ម,1,km,unclassified,approved,
goukheatdthan,គោឃាតដ្ឋាន,1,km,unclassified,approved,
goukheatsthan,គោឃាតស្ថាន,1,km,unclassified,approved,
goung,គោង,1,km,unclassified,approved,
goung,គោងៗ,1,km,unclassified,approved,
gouchar,គោចរ,32,km,unclassified,approved,
gouchor,គោចរ,32,km,unclassified,approved,
gouchhmat,គោឆ្មាត់,1,km,unclassified,approved,
gout,គោត,1,km,unclassified,approved,
goutam,គោតម,1,km,unclassified,approved,
goutom,គោតម,1,km,unclassified,approved,
goutmokoutt,គោតមគោត្ត,1,km,unclassified,approved,
goutmoputth,គោតមពុទ្ធ,1,km,unclassified,approved,
goutt,គោត្ត,1,km,unclassified,approved,
gouttaneam,គោត្តនាម,1,km,unclassified,approved,
gouttoneam,គោត្តនាម,1,km,unclassified,approved,
goutrar,គោត្រ,1,km,unclassified,approved,
goutror,គោត្រ,1,km,unclassified,approved,
goutrakoul,គោត្រកូល,1,km,unclassified,approved,
goutrokoul,គោត្រកូល,1,km,unclassified,approved,
goutraphu,គោត្រភូ,1,km,unclassified,approved,
goutrophu,គោត្រភូ,1,km,unclassified,approved,
goutrphunhean,គោត្រភូញាណ,1,km,unclassified,approved,
goutrphusang,គោត្រភូសង្ឃ,1,km,unclassified,approved,
goutrphusong,គោត្រភូសង្ឃ,1,km,unclassified,approved,
gouteavori,គោទាវរី,1,km,unclassified,approved,
gouthik,គោធិក,1,km,unclassified,approved,
gouba,គោបា,1,km,unclassified,approved,
goubal,គោបាល,1,km,unclassified,approved,
guohpleak,គោះពព្លាក់,1,km,unclassified,approved,
gouprey,គោព្រៃ,1,km,unclassified,approved,
goupros,គោព្រោះ,1,km,unclassified,approved,
goum,គោម,18,km,unclassified,approved,
rorbayka,របាយការណ៍,716,km,unclassified,approved,
goum,គោម៉,1,km,unclassified,approved,
goumposthlan,គោមពស់ថ្លាន់,1,km,unclassified,approved,
goumey,គោម័យ,1,km,unclassified,approved,
goumhoul,គោមហូល,1,km,unclassified,approved,
goumhaoh,គោមហោះ,1,km,unclassified,approved,
goumutrar,គោមូត្រ,1,km,unclassified,approved,
goumutror,គោមូត្រ,1,km,unclassified,approved,
goumuoy,គោមួយ,7,km,unclassified,approved,
gouyon,គោយន្ត,12,km,unclassified,approved,
gourkkhakamm,គោរក្ខកម្ម,1,km,unclassified,approved,
gourkkhokomm,គោរក្ខកម្ម,1,km,unclassified,approved,
gourkkha,គោរក្ខា,1,km,unclassified,approved,
gorob,គោរព,575,km,unclassified,approved,
gourom,គោរម,1,km,unclassified,approved,
gourmongea,គោរមងារ,1,km,unclassified,approved,
gouros,គោរស,1,km,unclassified,approved,
goureat,គោរាត,1,km,unclassified,approved,
gol,គោល,2564,km,unclassified,approved,
goulka,គោលការណ៍,266,km,unclassified,approved,
goulcharuek,គោលចារឹក,1,km,unclassified,approved,
goldov,គោលដៅ,2,km,unclassified,approved,
goulbamnang,គោលបំណង,1,km,unclassified,approved,
goulbamnong,គោលបំណង,1,km,unclassified,approved,
goulout,គោលោត,1,km,unclassified,approved,
goulbay,គោល្បាយ,1,km,unclassified,approved,
gouvott,គោវត្ត,1,km,unclassified,approved,
gousiem,គោសៀម,1,km,unclassified,approved,
gouhie,គោហៀ,1,km,unclassified,approved,
gouhmar,គោហ្ម,1,km,unclassified,approved,
gouhmor,គោហ្ម,1,km,unclassified,approved,
gnean,គ្នាន់,1,km,unclassified,approved,
gni,គ្នី,24,km,unclassified,approved,
gner,គ្នេរ,1,km,unclassified,approved,
gnerknean,គ្នេរគ្នាន់,1,km,unclassified,approved,
chamhar,ចំហ,114,km,unclassified,approved,
gmean,គ្មាន,4157,km,unclassified,approved,
gror,គ្រ,84,km,unclassified,approved,
grum,គ្រំ,14,km,unclassified,approved,
chomhor,ចំហ,114,km,unclassified,approved,
grok,គ្រក,1,km,unclassified,approved,
grok,គ្រក់,1,km,unclassified,approved,
chamhor,ចំហ,114,km,unclassified,approved,
grok,គ្រកៗ,1,km,unclassified,approved,
grok,គ្រក់ៗ,1,km,unclassified,approved,
grong,គ្រង,2391,km,unclassified,approved,
grong,គ្រង់,21,km,unclassified,approved,
grongreach,គ្រងរាជ្យ,1,km,unclassified,approved,
grochoam,គ្រជាំ,1,km,unclassified,approved,
grochiv,គ្រជីវ,1,km,unclassified,approved,
grochueb,គ្រជឹប,1,km,unclassified,approved,
grochuebkrochiv,គ្រជឹបគ្រជីវ,1,km,unclassified,approved,
grochuebkrochuoch,គ្រជឹបគ្រជួច,1,km,unclassified,approved,
grochur,គ្រជូរ,1,km,unclassified,approved,
gronhich,គ្រញិច,1,km,unclassified,approved,
gronhuek,គ្រញឹក,1,km,unclassified,approved,
gronhung,គ្រញូង,1,km,unclassified,approved,
gronheaeng,គ្រញែង,1,km,unclassified,approved,
grob,គ្រប,213,km,unclassified,approved,
grobkrong,គ្របគ្រង,2,km,unclassified,approved,
grobtae,គ្រប់តែ,2,km,unclassified,approved,
grobte,គ្រប់តែ,2,km,unclassified,approved,
grobathmenhchhau,គ្របធ្មេញឈើ,1,km,unclassified,approved,
chompel,ចំពេល,88,km,unclassified,approved,
preahkhan,ព្រះខ័ន,88,km,unclassified,approved,
grobothmenhchhau,គ្របធ្មេញឈើ,1,km,unclassified,approved,
gromor,គ្រមរ,1,km,unclassified,approved,
gromol,គ្រមល់,1,km,unclassified,approved,
gromeak,គ្រមាក,1,km,unclassified,approved,
gromeang,គ្រមាំង,1,km,unclassified,approved,
sralang,ស្រឡាំង,87,km,unclassified,approved,
gromeanh,គ្រមាញ,1,km,unclassified,approved,
gromeam,គ្រមាម,1,km,unclassified,approved,
gromingkromeang,គ្រមិងគ្រមាំង,1,km,unclassified,approved,
gromaum,គ្រមើម,1,km,unclassified,approved,
srorlang,ស្រឡាំង,87,km,unclassified,approved,
sralangkang,ស្រឡាំងកាំង,1,km,unclassified,approved,
srorlangkang,ស្រឡាំងកាំង,1,km,unclassified,approved,
grolong,គ្រលង់,1,km,unclassified,approved,
grolor,គ្រលរ,1,km,unclassified,approved,
grolos,គ្រលស,1,km,unclassified,approved,
grolit,គ្រលីត,1,km,unclassified,approved,
srolangkang,ស្រឡាំងកាំង,1,km,unclassified,approved,
ruetbantueng,រឹតបន្តឹង,87,km,unclassified,approved,
groluk,គ្រលុក,1,km,unclassified,approved,
groluong,គ្រលួង,1,km,unclassified,approved,
groluoch,គ្រលួច,1,km,unclassified,approved,
groliev,គ្រលៀវ,1,km,unclassified,approved,
grolies,គ្រលៀស,1,km,unclassified,approved,
grolengkroloung,គ្រលេងគ្រលោង,1,km,unclassified,approved,
grolev,គ្រលេវ,1,km,unclassified,approved,
groleaeng,គ្រលែង,1,km,unclassified,approved,
groleaengveaek,គ្រលែងវែក,1,km,unclassified,approved,
groveat,គ្រវាត់,1,km,unclassified,approved,
groveas,គ្រវាស,1,km,unclassified,approved,
grovi,គ្រវី,7,km,unclassified,approved,
grovis,គ្រវីស,1,km,unclassified,approved,
groviech,គ្រវៀច,1,km,unclassified,approved,
grovien,គ្រវៀន,1,km,unclassified,approved,
groveaeng,គ្រវែង,1,km,unclassified,approved,
groseaet,គ្រស៊ែត,1,km,unclassified,approved,
grohar,គ្រហរ,1,km,unclassified,approved,
grohor,គ្រហរ,1,km,unclassified,approved,
grohasthar,គ្រហស្ថ,1,km,unclassified,approved,
grohosthor,គ្រហស្ថ,1,km,unclassified,approved,
grohanh,គ្រហាញ,1,km,unclassified,approved,
grohekkrohok,គ្រហិកគ្រហុក,1,km,unclassified,approved,
groheit,គ្រហីត,1,km,unclassified,approved,
grohoem,គ្រហឹម,1,km,unclassified,approved,
grohoch,គ្រហុច,1,km,unclassified,approved,
grohob,គ្រហុប,1,km,unclassified,approved,
grohou,គ្រហូ,1,km,unclassified,approved,
grohuong,គ្រហួង,1,km,unclassified,approved,
grohuoch,គ្រហួច,1,km,unclassified,approved,
grohuob,គ្រហួប,1,km,unclassified,approved,
grohaeu,គ្រហើ,1,km,unclassified,approved,
grohaet,គ្រហែត,1,km,unclassified,approved,
grohaem,គ្រហែម,1,km,unclassified,approved,
grea,គ្រា,306,km,unclassified,approved,
groam,គ្រាំ,26,km,unclassified,approved,
greaeah,គ្រាះ,1,km,unclassified,approved,
greak,គ្រាក,1,km,unclassified,approved,
greak,គ្រាក់,2,km,unclassified,approved,
greak,គ្រាក់ៗ,1,km,unclassified,approved,
groamrea,គ្រាំគ្រា,1,km,unclassified,approved,
greang,គ្រាង,1,km,unclassified,approved,
greang,គ្រាំងៗ,1,km,unclassified,approved,
grorn,គ្រាន់,3512,km,unclassified,approved,
groangrob,គ្រាន់គ្រប់,1,km,unclassified,approved,
grorngrob,គ្រាន់គ្រប់,1,km,unclassified,approved,
granber,គ្រាន់បើ,1,km,unclassified,approved,
grantae,គ្រាន់តែ,63,km,unclassified,approved,
grorntae,គ្រាន់តែ,63,km,unclassified,approved,
groantae,គ្រាន់តែ,63,km,unclassified,approved,
grorb,គ្រាប់,7483,km,unclassified,approved,
groab,គ្រាប់,7483,km,unclassified,approved,
grobbaek,គ្រាប់បែក,1,km,unclassified,approved,
grobbeak,គ្រាប់បែក,1,km,unclassified,approved,
gream,គ្រាម,3,km,unclassified,approved,
greamani,គ្រាមណី,1,km,unclassified,approved,
greamnei,គ្រាមណី,1,km,unclassified,approved,
greampheasa,គ្រាមភាសា,1,km,unclassified,approved,
greamphouchok,គ្រាមភោជក,1,km,unclassified,approved,
greamomuk,គ្រាមមុខ,1,km,unclassified,approved,
greames,គ្រាមេស,1,km,unclassified,approved,
greav,គ្រាវ,1,km,unclassified,approved,
greas,គ្រាស,33,km,unclassified,approved,
bracheapol,ប្រជាពល,82,km,unclassified,approved,
greah,គ្រាហ៍,1,km,unclassified,approved,
grich,គ្រិចៗ,1,km,unclassified,approved,
gristsakareach,គ្រិស្តសករាជ,1,km,unclassified,approved,
gristsokoreach,គ្រិស្តសករាជ,1,km,unclassified,approved,
gritkreat,គ្រីតគ្រាត,1,km,unclassified,approved,
grib,គ្រីប,1,km,unclassified,approved,
grueeah,គ្រឹះ,389,km,unclassified,approved,
grers,គ្រឹះ,389,km,unclassified,approved,
gres,គ្រឹះ,389,km,unclassified,approved,
gruek,គ្រឹកៗ,1,km,unclassified,approved,
grueb,គ្រឹប,1,km,unclassified,approved,
gruem,គ្រឹមៗ,1,km,unclassified,approved,
brorcheapol,ប្រជាពល,82,km,unclassified,approved,
grueeahsthan,គ្រឹះស្ថាន,1,km,unclassified,approved,
grueha,គ្រឹហា,1,km,unclassified,approved,
gruehaveas,គ្រឹហាវាស,1,km,unclassified,approved,
grueut,គ្រឺតៗ,1,km,unclassified,approved,
gruum,គ្រុំ,1,km,unclassified,approved,
gruh,គ្រុះ,1,km,unclassified,approved,
gruk,គ្រុកៗ,1,km,unclassified,approved,
grud,គ្រុឌ,7,km,unclassified,approved,
grun,គ្រុន,318,km,unclassified,approved,
grunkdau,គ្រុនក្ដៅ,3,km,unclassified,approved,
grub,គ្រុប,97,km,unclassified,approved,
grum,គ្រុម,1,km,unclassified,approved,
gruy,គ្រុយ,10,km,unclassified,approved,
gru,គ្រូ,3300,km,unclassified,approved,
gruk,គ្រូក,1,km,unclassified,approved,
gruta,គ្រូតា,7,km,unclassified,approved,
gruthum,គ្រូធំ,50,km,unclassified,approved,
grubongkoul,គ្រូបង្គោល,4,km,unclassified,approved,
grubongrean,គ្រូបង្រៀន,83,km,unclassified,approved,
grubongvuek,គ្រូបង្វឹក,403,km,unclassified,approved,
grubangverk,គ្រូបង្វឹក,403,km,unclassified,approved,
grubathyeay,គ្រូបាធ្យាយ,1,km,unclassified,approved,
grupet,គ្រូពេទ្យ,36,km,unclassified,approved,
gruo,គ្រួ,1,km,unclassified,approved,
gruob,គ្រួបៗ,1,km,unclassified,approved,
grousa,គ្រួសារ,4586,km,unclassified,approved,
grursa,គ្រួសារ,4586,km,unclassified,approved,
grerm,គ្រើម,12,km,unclassified,approved,
graum,គ្រើម,12,km,unclassified,approved,
grerl,គ្រើល,2,km,unclassified,approved,
graul,គ្រើល,2,km,unclassified,approved,
grerng,គ្រឿង,3935,km,unclassified,approved,
greung,គ្រឿង,3935,km,unclassified,approved,
groengnhien,គ្រឿងញៀន,67,km,unclassified,approved,
groeangnhien,គ្រឿងញៀន,67,km,unclassified,approved,
groeun,គ្រឿន,6,km,unclassified,approved,
groean,គ្រឿន,6,km,unclassified,approved,
girisur,គីរីសួគ៌,1,km,unclassified,approved,
griev,គ្រៀវ,5,km,unclassified,approved,
gries,គ្រៀស,1,km,unclassified,approved,
greng,គ្រេង,1,km,unclassified,approved,
grech,គ្រេច,13,km,unclassified,approved,
australia,អូស្រ្តាលី,77,km,unclassified,approved,
gre,គ្រែ,282,km,unclassified,approved,
greae,គ្រែ,282,km,unclassified,approved,
greaeng,គ្រែង,1,km,unclassified,approved,
greng,គ្រែង,1,km,unclassified,approved,
grous,គ្រោះ,4634,km,unclassified,approved,
grouh,គ្រោះ,4634,km,unclassified,approved,
grong,គ្រោង,1134,km,unclassified,approved,
gruoh,គ្រោះជា,1,km,unclassified,approved,
grout,គ្រោត,1,km,unclassified,approved,
grosthnak,គ្រោះថ្នាក់,2,km,unclassified,approved,
gveam,គ្វាម,1,km,unclassified,approved,
ghoronei,ឃរណី,1,km,unclassified,approved,
ghoromul,ឃរមូល,1,km,unclassified,approved,
ghoreaveas,ឃរាវាស,1,km,unclassified,approved,
gheang,ឃាង,21,km,unclassified,approved,
gheang,ឃាំង,76,km,unclassified,approved,
ostali,អូស្រ្តាលី,77,km,unclassified,approved,
gheat,ឃាត,438,km,unclassified,approved,
ghort,ឃាត់,1198,km,unclassified,approved,
ghoat,ឃាត់,1198,km,unclassified,approved,
gheatakak,ឃាតកៈ,1,km,unclassified,approved,
gheatokak,ឃាតកៈ,1,km,unclassified,approved,
gheatkamm,ឃាតកម្ម,1,km,unclassified,approved,
gheatkomm,ឃាតកម្ម,1,km,unclassified,approved,
